CODFILIAL;CODPROD;DESCRICAO;SALDO;NUMPED;DTEMISSAO
1;201;IOGURTE NESTLE NATURAL MEL 28X170G;0;6926;2021-03-24
1;204;NESTLE FLAN CARAMELO 20X200G;0;6926;2021-03-24
1;206;NESTLE GREGO IOG LIGHT 3 SAB 6X540G;0;6926;2021-03-24
1;192;NESTLE BICAM IOGURTE MORANGO 28X150G;0;6955;2021-04-01
1;194;NESTLE GREGO IOG FRUTAS VERM 12X400G;0;6955;2021-04-01
1;195;IOGURTE GREGO NESTLE TRADICIONAL 12X400G;0;6955;2021-04-01
1;198;NESTLE NATURAL CENOURA+LARANJA 28X170G;0;6955;2021-04-01
1;199;IOGURTE NESTLE NATURAL 28X170G;0;6955;2021-04-01
1;200;NESTLE IOG NATURAL DESNATADO 28X160G;0;6955;2021-04-01
1;201;IOGURTE NESTLE NATURAL MEL 28X170G;0;6955;2021-04-01
1;204;NESTLE FLAN CARAMELO 20X200G;0;6955;2021-04-01
1;206;NESTLE GREGO IOG LIGHT 3 SAB 6X540G;0;6955;2021-04-01
1;450;CHANDELLE CHOCOLATE 24X180G;0;6955;2021-04-01
1;451;CHAMBINHO CHOCOLATE 16X320G;0;6955;2021-04-01
1;453;CHANDELLE CHOCOLATE 18X360G;0;6955;2021-04-01
1;759;CHAMYTO LEITE FERMENTADO 21X6X75G;0;6955;2021-04-01
1;2037;NESFIT IOGURTE FRUTAS VERM 12X850G;0;6955;2021-04-01
1;2038;NESFIT IOGURTE MORANGO BAUN 12X850G;0;6955;2021-04-01
1;2039;NESFIT IOGURTE MARACUJA AVEIA 12X850G;0;6955;2021-04-01
1;167;CHAMYTO IOGURTE MOR+CER CHOC 24X130G;0;6955;2021-04-01
1;212;NINHO SOLEIL PETIT MRG+BNA&MC 16X320G;0;6955;2021-04-01
1;213;REQUEIJAO CREMOSO NESTLE 15X200G;0;6955;2021-04-01
1;214;REQUEIJAO CREMOSO NESTLE LIGHT 15X200G;0;6955;2021-04-01
1;249;NESTLE GREGO LIGHT MARACUJA 12X360G;0;6955;2021-04-01
1;254;NINHO FRUTI MORANGO 8X250G;0;6955;2021-04-01
1;287;NINHO IOGURTE LIQ MACA E BANANA 24X170G;0;6955;2021-04-01
1;168;CHAMYTO BEB LACTEA MOR+CER CRML 24X130G;0;6955;2021-04-01
1;174;NESTON IOGURTE LIQ MACA BNA 12X850G;0;6955;2021-04-01
1;176;NINHO IOGURTE LIQ MACA E BANANA 12X850G;0;6955;2021-04-01
1;180;NINHO IOGURTE POLPA 6X540G;0;6955;2021-04-01
1;182;CHAMBINHO PETIT MRG 12X480G;0;6955;2021-04-01
1;183;CHAMBINHO PETIT MOR 16X320G;0;6955;2021-04-01
1;2039;NESFIT IOGURTE MARACUJA AVEIA 12X850G;0;6926;2021-03-24
1;2040;NESFIT IOGURTE FRUTAS VERMELHAS 24X170G;0;6926;2021-03-24
1;2041;NESFIT IOGURTE MARACUJA AVEIA 24X170G;0;6926;2021-03-24
1;2042;NESFIT IOGURTE MORANGO BAUN 24X170G;0;6926;2021-03-24
1;288;NINHO IOGURTE MORANGO 24X170G;0;6955;2021-04-01
1;333;NESTON IOGURTE POLPA 2 SABORES 6X540G;0;6955;2021-04-01
1;448;CHANDELLE CHANTILLY CHOCOLATE 24X200G;0;6955;2021-04-01
1;449;CHANDELLE CHANTILLY CARAMELO 24X200G;0;6955;2021-04-01
1;174;NESTON IOGURTE LIQ MACA BNA 12X850G;0;6926;2021-03-24
1;176;NINHO IOGURTE LIQ MACA E BANANA 12X850G;0;6926;2021-03-24
1;180;NINHO IOGURTE POLPA 6X540G;0;6926;2021-03-24
1;182;CHAMBINHO PETIT MRG 12X480G;0;6926;2021-03-24
1;183;CHAMBINHO PETIT MOR 16X320G;0;6926;2021-03-24
1;192;NESTLE BICAM IOGURTE MORANGO 28X150G;0;6926;2021-03-24
1;194;NESTLE GREGO IOG FRUTAS VERM 12X400G;0;6926;2021-03-24
1;195;IOGURTE GREGO NESTLE TRADICIONAL 12X400G;0;6926;2021-03-24
1;198;NESTLE NATURAL CENOURA+LARANJA 28X170G;0;6926;2021-03-24
1;199;IOGURTE NESTLE NATURAL 28X170G;0;6926;2021-03-24
1;2037;NESFIT IOGURTE FRUTAS VERM 12X850G;0;6866;2021-03-12
1;168;CHAMYTO BEB LACTEA MOR+CER CRML 24X130G;0;6866;2021-03-12
1;2038;NESFIT IOGURTE MORANGO BAUN 12X850G;0;6866;2021-03-12
1;2039;NESFIT IOGURTE MARACUJA AVEIA 12X850G;0;6866;2021-03-12
1;167;CHAMYTO IOGURTE MOR+CER CHOC 24X130G;0;6866;2021-03-12
1;167;CHAMYTO IOGURTE MOR+CER CHOC 24X130G;0;6926;2021-03-24
1;168;CHAMYTO BEB LACTEA MOR+CER CRML 24X130G;0;6926;2021-03-24
1;1505;NESTLE IOG VIT DE FRUTA 24X170G;0;6955;2021-04-01
1;2040;NESFIT IOGURTE FRUTAS VERMELHAS 24X170G;0;7137;2021-05-19
1;2041;NESFIT IOGURTE MARACUJA AVEIA 24X170G;0;7137;2021-05-19
1;2042;NESFIT IOGURTE MORANGO BAUN 24X170G;0;7137;2021-05-19
1;2721;NESFIT IOGURTE POLPA MARACUJA 12X360G;0;7137;2021-05-19
1;2722;NESFIT IOGURTE POLPA FRUTAS VERM12X360G;0;7137;2021-05-19
1;2723;NESFIT IOGURTE POLPA MORANGO BAUN 6X720G;0;7137;2021-05-19
1;167;CHAMYTO IOGURTE MOR+CER CHOC 24X130G;0;7137;2021-05-19
1;168;CHAMYTO BEB LACTEA MOR+CER CRML 24X130G;0;7137;2021-05-19
1;174;NESTON IOGURTE LIQ MACA BNA 12X850G;0;7137;2021-05-19
1;176;NINHO IOGURTE LIQ MACA E BANANA 12X850G;0;7137;2021-05-19
1;180;NINHO IOGURTE POLPA 6X540G;0;7137;2021-05-19
1;200;NESTLE IOG NATURAL DESNATADO 28X160G;0;6926;2021-03-24
1;2037;NESFIT IOGURTE FRUTAS VERM 12X850G;0;7094;2021-05-07
1;2038;NESFIT IOGURTE MORANGO BAUN 12X850G;0;7094;2021-05-07
1;2039;NESFIT IOGURTE MARACUJA AVEIA 12X850G;0;7094;2021-05-07
1;2040;NESFIT IOGURTE FRUTAS VERMELHAS 24X170G;0;7094;2021-05-07
1;2042;NESFIT IOGURTE MORANGO BAUN 24X170G;0;7094;2021-05-07
1;167;CHAMYTO IOGURTE MOR+CER CHOC 24X130G;0;7094;2021-05-07
1;180;NINHO IOGURTE POLPA 6X540G;0;7094;2021-05-07
1;183;CHAMBINHO PETIT MOR 16X320G;0;7094;2021-05-07
1;192;NESTLE BICAM IOGURTE MORANGO 28X150G;0;7094;2021-05-07
1;2037;NESFIT IOGURTE FRUTAS VERM 12X850G;0;7137;2021-05-19
1;2038;NESFIT IOGURTE MORANGO BAUN 12X850G;0;7137;2021-05-19
1;2039;NESFIT IOGURTE MARACUJA AVEIA 12X850G;0;7137;2021-05-19
1;168;CHAMYTO BEB LACTEA MOR+CER CRML 24X130G;0;7094;2021-05-07
1;174;NESTON IOGURTE LIQ MACA BNA 12X850G;0;7094;2021-05-07
1;176;NINHO IOGURTE LIQ MACA E BANANA 12X850G;0;7094;2021-05-07
1;174;NESTON IOGURTE LIQ MACA BNA 12X850G;0;6866;2021-03-12
1;214;REQUEIJAO CREMOSO NESTLE LIGHT 15X200G;0;7017;2021-04-16
1;212;NINHO SOLEIL PETIT MRG+BNA&MC 16X320G;0;7017;2021-04-16
1;213;REQUEIJAO CREMOSO NESTLE 15X200G;0;7017;2021-04-16
1;1521;CHAMYTO GO IOG LIQ MORANGO 24X100G;0;6926;2021-03-24
1;1693;NINHO IOGURTE LIQ MACA E BANANA 24X100G;0;6926;2021-03-24
1;1697;CHANDELLE CHOCOLATE 6X720G;0;6926;2021-03-24
1;1698;CHAMYTO LEITE FERM 21X6X120G;0;6926;2021-03-24
1;1736;NESTLE IOGURTE POLPA VITAMINA 6X540G;0;6926;2021-03-24
1;1940;NESTLE GREGO TORTA MARACUJA 24X90G;0;6955;2021-04-01
1;1941;NESTLE GREGO TRADICIONAL 24X90G;0;6955;2021-04-01
1;249;NESTLE GREGO LIGHT MARACUJA 12X360G;0;7017;2021-04-16
1;254;NINHO FRUTI MORANGO 8X250G;0;7017;2021-04-16
1;287;NINHO IOGURTE LIQ MACA E BANANA 24X170G;0;7017;2021-04-16
1;288;NINHO IOGURTE MORANGO 24X170G;0;7017;2021-04-16
1;333;NESTON IOGURTE POLPA 2 SABORES 6X540G;450;7017;2021-04-16
1;448;CHANDELLE CHANTILLY CHOCOLATE 24X200G;240;7017;2021-04-16
1;449;CHANDELLE CHANTILLY CARAMELO 24X200G;0;7017;2021-04-16
1;450;CHANDELLE CHOCOLATE 24X180G;0;7017;2021-04-16
1;451;CHAMBINHO CHOCOLATE 16X320G;0;7017;2021-04-16
1;453;CHANDELLE CHOCOLATE 18X360G;180;7017;2021-04-16
1;759;CHAMYTO LEITE FERMENTADO 21X6X75G;0;7017;2021-04-16
1;1505;NESTLE IOG VIT DE FRUTA 24X170G;0;7017;2021-04-16
1;182;CHAMBINHO PETIT MRG 12X480G;288;7137;2021-05-19
1;183;CHAMBINHO PETIT MOR 16X320G;0;7137;2021-05-19
1;192;NESTLE BICAM IOGURTE MORANGO 28X150G;0;7137;2021-05-19
1;194;NESTLE GREGO IOG FRUTAS VERM 12X400G;0;7137;2021-05-19
1;195;IOGURTE GREGO NESTLE TRADICIONAL 12X400G;0;7137;2021-05-19
1;198;NESTLE NATURAL CENOURA+LARANJA 28X170G;0;7137;2021-05-19
1;199;IOGURTE NESTLE NATURAL 28X170G;0;7137;2021-05-19
1;200;NESTLE IOG NATURAL DESNATADO 28X160G;0;7137;2021-05-19
1;201;IOGURTE NESTLE NATURAL MEL 28X170G;0;7137;2021-05-19
1;204;NESTLE FLAN CARAMELO 20X200G;0;7137;2021-05-19
1;1887;CHANDELLE CHOCOLATE BRANCO 18X360G;0;6926;2021-03-24
1;1940;NESTLE GREGO TORTA MARACUJA 24X90G;0;6926;2021-03-24
1;1941;NESTLE GREGO TRADICIONAL 24X90G;0;6926;2021-03-24
1;1958;NESTLE GREGO TORTA MORANGO 24X90G;0;6955;2021-04-01
1;1963;NESTLE GREGO TORTA LIMAO 24X90G;0;6955;2021-04-01
1;2099;MOLICO IOGURTE LIQ MRG 12X850G;0;6955;2021-04-01
1;2100;MOLICO IOGURTE LIQ MRG 24X170G;0;6955;2021-04-01
1;2373;NINHO IOGURTE POLPA 6X720G;0;6955;2021-04-01
1;1698;CHAMYTO LEITE FERM 21X6X120G;0;7017;2021-04-16
1;1506;NESTLE IOG VIT DE FRUTA 12X900G;0;7017;2021-04-16
1;1508;NESTLE GREGO IOG LT MORANGO 12X360G;0;7017;2021-04-16
1;1509;NESTLE IOGURTE MORANGO 24X170G;960;7017;2021-04-16
1;1510;NESTLE IOGURTE MORANGO 12X1,250G;240;7017;2021-04-16
1;1511;NESTLE IOGURTE MORANGO 12X900G;336;7017;2021-04-16
1;1512;NESTLE IOGURTE VIT DE FRUTA 12X1,250G;120;7017;2021-04-16
1;1517;NESTON IOGURTE LIQ MACA E BAN 24X170G;0;7017;2021-04-16
1;1519;NESTLE GREGO IOG TRAD + MRG 6X600G;90;7017;2021-04-16
1;1520;CHAMYTO GO IOG LIQ VITAMINA 24X100G;0;7017;2021-04-16
1;1521;CHAMYTO GO IOG LIQ MORANGO 24X100G;0;7017;2021-04-16
1;1693;NINHO IOGURTE LIQ MACA E BANANA 24X100G;0;7017;2021-04-16
1;1697;CHANDELLE CHOCOLATE 6X720G;60;7017;2021-04-16
1;206;NESTLE GREGO IOG LIGHT 3 SAB 6X540G;0;7137;2021-05-19
1;212;NINHO SOLEIL PETIT MRG+BNA&MC 16X320G;192;7137;2021-05-19
1;213;REQUEIJAO CREMOSO NESTLE 15X200G;0;7137;2021-05-19
1;214;REQUEIJAO CREMOSO NESTLE LIGHT 15X200G;0;7137;2021-05-19
1;254;NINHO FRUTI MORANGO 8X250G;0;7137;2021-05-19
1;287;NINHO IOGURTE LIQ MACA E BANANA 24X170G;0;7137;2021-05-19
1;1958;NESTLE GREGO TORTA MORANGO 24X90G;0;6926;2021-03-24
1;1963;NESTLE GREGO TORTA LIMAO 24X90G;0;6926;2021-03-24
1;2099;MOLICO IOGURTE LIQ MRG 12X850G;0;6926;2021-03-24
1;2100;MOLICO IOGURTE LIQ MRG 24X170G;0;6926;2021-03-24
1;2347;CHAMBINHO PETIT MRG 64X80G;0;6926;2021-03-24
1;2373;NINHO IOGURTE POLPA 6X720G;0;6926;2021-03-24
1;2455;MOLICO IOGURTE LIQ BAUN 24X170G;0;6926;2021-03-24
1;1735;NESTLE IOGURTE POLPA MORANGO 6X540G;0;6926;2021-03-24
1;1735;NESTLE IOGURTE POLPA MORANGO 6X540G;1260;7017;2021-04-16
1;1736;NESTLE IOGURTE POLPA VITAMINA 6X540G;0;7017;2021-04-16
1;1887;CHANDELLE CHOCOLATE BRANCO 18X360G;0;7017;2021-04-16
1;1939;NESTLE GREGO FRUTAS VERMELHAS 24X90G;0;7017;2021-04-16
1;1940;NESTLE GREGO TORTA MARACUJA 24X90G;0;7017;2021-04-16
1;1941;NESTLE GREGO TRADICIONAL 24X90G;0;7017;2021-04-16
1;1958;NESTLE GREGO TORTA MORANGO 24X90G;0;7017;2021-04-16
1;1963;NESTLE GREGO TORTA LIMAO 24X90G;0;7017;2021-04-16
1;2099;MOLICO IOGURTE LIQ MRG 12X850G;0;7017;2021-04-16
1;288;NINHO IOGURTE MORANGO 24X170G;0;7137;2021-05-19
1;333;NESTON IOGURTE POLPA 2 SABORES 6X540G;0;7137;2021-05-19
1;448;CHANDELLE CHANTILLY CHOCOLATE 24X200G;0;7137;2021-05-19
1;449;CHANDELLE CHANTILLY CARAMELO 24X200G;0;7137;2021-05-19
1;450;CHANDELLE CHOCOLATE 24X180G;0;7137;2021-05-19
1;451;CHAMBINHO CHOCOLATE 16X320G;0;7137;2021-05-19
1;453;CHANDELLE CHOCOLATE 18X360G;0;7137;2021-05-19
1;759;CHAMYTO LEITE FERMENTADO 21X6X75G;0;7137;2021-05-19
1;1505;NESTLE IOG VIT DE FRUTA 24X170G;0;7137;2021-05-19
1;2100;MOLICO IOGURTE LIQ MRG 24X170G;0;7017;2021-04-16
1;2373;NINHO IOGURTE POLPA 6X720G;0;7017;2021-04-16
1;2664;MOLICO IOGURTE LIQ BAUN 12X850G;0;7017;2021-04-16
1;249;NESTLE GREGO LIGHT MARACUJA 12X360G;0;6866;2021-03-12
1;254;NINHO FRUTI MORANGO 8X250G;0;6866;2021-03-12
1;287;NINHO IOGURTE LIQ MACA E BANANA 24X170G;0;6866;2021-03-12
1;288;NINHO IOGURTE MORANGO 24X170G;0;6866;2021-03-12
1;333;NESTON IOGURTE POLPA 2 SABORES 6X540G;0;6866;2021-03-12
1;448;CHANDELLE CHANTILLY CHOCOLATE 24X200G;0;6866;2021-03-12
1;449;CHANDELLE CHANTILLY CARAMELO 24X200G;0;6866;2021-03-12
1;450;CHANDELLE CHOCOLATE 24X180G;0;6866;2021-03-12
1;451;CHAMBINHO CHOCOLATE 16X320G;0;6866;2021-03-12
1;453;CHANDELLE CHOCOLATE 18X360G;0;6866;2021-03-12
1;759;CHAMYTO LEITE FERMENTADO 21X6X75G;0;6866;2021-03-12
1;1505;NESTLE IOG VIT DE FRUTA 24X170G;0;6866;2021-03-12
1;1506;NESTLE IOG VIT DE FRUTA 12X900G;0;6866;2021-03-12
1;1508;NESTLE GREGO IOG LT MORANGO 12X360G;0;6866;2021-03-12
1;1509;NESTLE IOGURTE MORANGO 24X170G;0;6866;2021-03-12
1;1511;NESTLE IOGURTE MORANGO 12X900G;0;6866;2021-03-12
1;1517;NESTON IOGURTE LIQ MACA E BAN 24X170G;0;6866;2021-03-12
1;1519;NESTLE GREGO IOG TRAD + MRG 6X600G;0;6866;2021-03-12
1;1697;CHANDELLE CHOCOLATE 6X720G;0;6866;2021-03-12
1;1698;CHAMYTO LEITE FERM 21X6X120G;0;6866;2021-03-12
1;1735;NESTLE IOGURTE POLPA MORANGO 6X540G;0;6866;2021-03-12
1;1736;NESTLE IOGURTE POLPA VITAMINA 6X540G;0;6866;2021-03-12
1;1887;CHANDELLE CHOCOLATE BRANCO 18X360G;0;6866;2021-03-12
1;1939;NESTLE GREGO FRUTAS VERMELHAS 24X90G;0;6866;2021-03-12
1;1940;NESTLE GREGO TORTA MARACUJA 24X90G;0;6866;2021-03-12
1;1941;NESTLE GREGO TRADICIONAL 24X90G;0;6866;2021-03-12
1;1958;NESTLE GREGO TORTA MORANGO 24X90G;0;6866;2021-03-12
1;1963;NESTLE GREGO TORTA LIMAO 24X90G;0;6866;2021-03-12
1;2099;MOLICO IOGURTE LIQ MRG 12X850G;0;6866;2021-03-12
1;2100;MOLICO IOGURTE LIQ MRG 24X170G;0;6866;2021-03-12
1;2037;NESFIT IOGURTE FRUTAS VERM 12X850G;0;7017;2021-04-16
1;2038;NESFIT IOGURTE MORANGO BAUN 12X850G;168;7017;2021-04-16
1;2039;NESFIT IOGURTE MARACUJA AVEIA 12X850G;0;7017;2021-04-16
1;2040;NESFIT IOGURTE FRUTAS VERMELHAS 24X170G;0;7017;2021-04-16
1;2041;NESFIT IOGURTE MARACUJA AVEIA 24X170G;0;7017;2021-04-16
1;2042;NESFIT IOGURTE MORANGO BAUN 24X170G;0;7017;2021-04-16
1;167;CHAMYTO IOGURTE MOR+CER CHOC 24X130G;480;7017;2021-04-16
1;168;CHAMYTO BEB LACTEA MOR+CER CRML 24X130G;0;7017;2021-04-16
1;195;IOGURTE GREGO NESTLE TRADICIONAL 12X400G;0;7094;2021-05-07
1;180;NINHO IOGURTE POLPA 6X540G;0;6866;2021-03-12
1;182;CHAMBINHO PETIT MRG 12X480G;0;6866;2021-03-12
1;183;CHAMBINHO PETIT MOR 16X320G;0;6866;2021-03-12
1;192;NESTLE BICAM IOGURTE MORANGO 28X150G;0;6866;2021-03-12
1;194;NESTLE GREGO IOG FRUTAS VERM 12X400G;0;6866;2021-03-12
1;195;IOGURTE GREGO NESTLE TRADICIONAL 12X400G;0;6866;2021-03-12
1;198;NESTLE NATURAL CENOURA+LARANJA 28X170G;0;6866;2021-03-12
1;1506;NESTLE IOG VIT DE FRUTA 12X900G;0;6955;2021-04-01
1;1508;NESTLE GREGO IOG LT MORANGO 12X360G;0;6955;2021-04-01
1;1509;NESTLE IOGURTE MORANGO 24X170G;0;6955;2021-04-01
1;1510;NESTLE IOGURTE MORANGO 12X1,250G;0;6955;2021-04-01
1;1511;NESTLE IOGURTE MORANGO 12X900G;0;6955;2021-04-01
1;1512;NESTLE IOGURTE VIT DE FRUTA 12X1,250G;0;6955;2021-04-01
1;1517;NESTON IOGURTE LIQ MACA E BAN 24X170G;0;6955;2021-04-01
1;1519;NESTLE GREGO IOG TRAD + MRG 6X600G;0;6955;2021-04-01
1;1520;CHAMYTO GO IOG LIQ VITAMINA 24X100G;0;6955;2021-04-01
1;2373;NINHO IOGURTE POLPA 6X720G;0;6866;2021-03-12
1;2455;MOLICO IOGURTE LIQ BAUN 24X170G;0;6866;2021-03-12
1;1521;CHAMYTO GO IOG LIQ MORANGO 24X100G;0;6955;2021-04-01
1;199;IOGURTE NESTLE NATURAL 28X170G;0;6866;2021-03-12
1;200;NESTLE IOG NATURAL DESNATADO 28X160G;0;6866;2021-03-12
1;201;IOGURTE NESTLE NATURAL MEL 28X170G;0;6866;2021-03-12
1;206;NESTLE GREGO IOG LIGHT 3 SAB 6X540G;0;6866;2021-03-12
1;174;NESTON IOGURTE LIQ MACA BNA 12X850G;0;7017;2021-04-16
1;176;NINHO IOGURTE LIQ MACA E BANANA 12X850G;0;7017;2021-04-16
1;180;NINHO IOGURTE POLPA 6X540G;0;7017;2021-04-16
1;182;CHAMBINHO PETIT MRG 12X480G;144;7017;2021-04-16
1;333;NESTON IOGURTE POLPA 2 SABORES 6X540G;0;6926;2021-03-24
1;448;CHANDELLE CHANTILLY CHOCOLATE 24X200G;0;6926;2021-03-24
1;449;CHANDELLE CHANTILLY CARAMELO 24X200G;0;6926;2021-03-24
1;212;NINHO SOLEIL PETIT MRG+BNA&MC 16X320G;0;6926;2021-03-24
1;213;REQUEIJAO CREMOSO NESTLE 15X200G;0;6926;2021-03-24
1;214;REQUEIJAO CREMOSO NESTLE LIGHT 15X200G;0;6926;2021-03-24
1;249;NESTLE GREGO LIGHT MARACUJA 12X360G;0;6926;2021-03-24
1;254;NINHO FRUTI MORANGO 8X250G;0;6926;2021-03-24
1;287;NINHO IOGURTE LIQ MACA E BANANA 24X170G;0;6926;2021-03-24
1;288;NINHO IOGURTE MORANGO 24X170G;0;6926;2021-03-24
1;450;CHANDELLE CHOCOLATE 24X180G;0;6926;2021-03-24
1;213;REQUEIJAO CREMOSO NESTLE 15X200G;0;6866;2021-03-12
1;214;REQUEIJAO CREMOSO NESTLE LIGHT 15X200G;0;6866;2021-03-12
1;212;NINHO SOLEIL PETIT MRG+BNA&MC 16X320G;0;6866;2021-03-12
1;451;CHAMBINHO CHOCOLATE 16X320G;0;6926;2021-03-24
1;453;CHANDELLE CHOCOLATE 18X360G;0;6926;2021-03-24
1;759;CHAMYTO LEITE FERMENTADO 21X6X75G;0;6926;2021-03-24
1;1505;NESTLE IOG VIT DE FRUTA 24X170G;0;6926;2021-03-24
1;1506;NESTLE IOG VIT DE FRUTA 12X900G;0;6926;2021-03-24
1;1509;NESTLE IOGURTE MORANGO 24X170G;0;6926;2021-03-24
1;1510;NESTLE IOGURTE MORANGO 12X1,250G;0;6926;2021-03-24
1;1511;NESTLE IOGURTE MORANGO 12X900G;0;6926;2021-03-24
1;1512;NESTLE IOGURTE VIT DE FRUTA 12X1,250G;0;6926;2021-03-24
1;1517;NESTON IOGURTE LIQ MACA E BAN 24X170G;0;6926;2021-03-24
1;1519;NESTLE GREGO IOG TRAD + MRG 6X600G;0;6926;2021-03-24
1;1520;CHAMYTO GO IOG LIQ VITAMINA 24X100G;0;6926;2021-03-24
1;183;CHAMBINHO PETIT MOR 16X320G;0;7017;2021-04-16
1;192;NESTLE BICAM IOGURTE MORANGO 28X150G;0;7017;2021-04-16
1;199;IOGURTE NESTLE NATURAL 28X170G;280;7017;2021-04-16
1;200;NESTLE IOG NATURAL DESNATADO 28X160G;0;7017;2021-04-16
1;201;IOGURTE NESTLE NATURAL MEL 28X170G;0;7017;2021-04-16
1;204;NESTLE FLAN CARAMELO 20X200G;0;7017;2021-04-16
1;206;NESTLE GREGO IOG LIGHT 3 SAB 6X540G;0;7017;2021-04-16
1;194;NESTLE GREGO IOG FRUTAS VERM 12X400G;0;7017;2021-04-16
1;195;IOGURTE GREGO NESTLE TRADICIONAL 12X400G;144;7017;2021-04-16
1;198;NESTLE NATURAL CENOURA+LARANJA 28X170G;0;7017;2021-04-16
1;1506;NESTLE IOG VIT DE FRUTA 12X900G;0;7137;2021-05-19
1;1508;NESTLE GREGO IOG LT MORANGO 12X360G;0;7137;2021-05-19
1;1509;NESTLE IOGURTE MORANGO 24X170G;0;7137;2021-05-19
1;1510;NESTLE IOGURTE MORANGO 12X1,250G;0;7137;2021-05-19
1;1511;NESTLE IOGURTE MORANGO 12X900G;0;7137;2021-05-19
1;1512;NESTLE IOGURTE VIT DE FRUTA 12X1,250G;0;7137;2021-05-19
1;176;NINHO IOGURTE LIQ MACA E BANANA 12X850G;0;6866;2021-03-12
1;1693;NINHO IOGURTE LIQ MACA E BANANA 24X100G;0;6955;2021-04-01
1;1697;CHANDELLE CHOCOLATE 6X720G;0;6955;2021-04-01
1;1698;CHAMYTO LEITE FERM 21X6X120G;0;6955;2021-04-01
1;1735;NESTLE IOGURTE POLPA MORANGO 6X540G;0;6955;2021-04-01
1;1736;NESTLE IOGURTE POLPA VITAMINA 6X540G;0;6955;2021-04-01
1;1887;CHANDELLE CHOCOLATE BRANCO 18X360G;0;6955;2021-04-01
1;1939;NESTLE GREGO FRUTAS VERMELHAS 24X90G;0;6955;2021-04-01
1;1693;NINHO IOGURTE LIQ MACA E BANANA 24X100G;0;7137;2021-05-19
1;1697;CHANDELLE CHOCOLATE 6X720G;0;7137;2021-05-19
1;1698;CHAMYTO LEITE FERM 21X6X120G;0;7137;2021-05-19
1;1735;NESTLE IOGURTE POLPA MORANGO 6X540G;0;7137;2021-05-19
1;1887;CHANDELLE CHOCOLATE BRANCO 18X360G;0;7137;2021-05-19
1;1939;NESTLE GREGO FRUTAS VERMELHAS 24X90G;0;7137;2021-05-19
1;2037;NESFIT IOGURTE FRUTAS VERM 12X850G;0;7097;2021-05-07
1;2038;NESFIT IOGURTE MORANGO BAUN 12X850G;0;7097;2021-05-07
1;167;CHAMYTO IOGURTE MOR+CER CHOC 24X130G;0;7097;2021-05-07
1;168;CHAMYTO BEB LACTEA MOR+CER CRML 24X130G;0;7097;2021-05-07
1;174;NESTON IOGURTE LIQ MACA BNA 12X850G;0;7097;2021-05-07
1;176;NINHO IOGURTE LIQ MACA E BANANA 12X850G;0;7097;2021-05-07
1;180;NINHO IOGURTE POLPA 6X540G;0;7097;2021-05-07
1;1940;NESTLE GREGO TORTA MARACUJA 24X90G;0;7137;2021-05-19
1;1941;NESTLE GREGO TRADICIONAL 24X90G;0;7137;2021-05-19
1;1958;NESTLE GREGO TORTA MORANGO 24X90G;0;7137;2021-05-19
1;1963;NESTLE GREGO TORTA LIMAO 24X90G;0;7137;2021-05-19
1;182;CHAMBINHO PETIT MRG 12X480G;144;7097;2021-05-07
1;183;CHAMBINHO PETIT MOR 16X320G;0;7097;2021-05-07
1;192;NESTLE BICAM IOGURTE MORANGO 28X150G;0;7097;2021-05-07
1;195;IOGURTE GREGO NESTLE TRADICIONAL 12X400G;0;7097;2021-05-07
1;198;NESTLE NATURAL CENOURA+LARANJA 28X170G;0;7097;2021-05-07
1;2037;NESFIT IOGURTE FRUTAS VERM 12X850G;0;7043;2021-04-23
1;2038;NESFIT IOGURTE MORANGO BAUN 12X850G;0;7043;2021-04-23
1;2039;NESFIT IOGURTE MARACUJA AVEIA 12X850G;0;7043;2021-04-23
1;167;CHAMYTO IOGURTE MOR+CER CHOC 24X130G;0;7043;2021-04-23
1;168;CHAMYTO BEB LACTEA MOR+CER CRML 24X130G;0;7043;2021-04-23
1;174;NESTON IOGURTE LIQ MACA BNA 12X850G;0;7043;2021-04-23
1;176;NINHO IOGURTE LIQ MACA E BANANA 12X850G;0;7043;2021-04-23
1;180;NINHO IOGURTE POLPA 6X540G;0;7043;2021-04-23
1;182;CHAMBINHO PETIT MRG 12X480G;144;7043;2021-04-23
1;183;CHAMBINHO PETIT MOR 16X320G;0;7043;2021-04-23
1;192;NESTLE BICAM IOGURTE MORANGO 28X150G;0;7043;2021-04-23
1;194;NESTLE GREGO IOG FRUTAS VERM 12X400G;0;7043;2021-04-23
1;2099;MOLICO IOGURTE LIQ MRG 12X850G;0;7137;2021-05-19
1;2100;MOLICO IOGURTE LIQ MRG 24X170G;0;7137;2021-05-19
1;2373;NINHO IOGURTE POLPA 6X720G;0;7137;2021-05-19
1;2664;MOLICO IOGURTE LIQ BAUN 12X850G;0;7137;2021-05-19
1;195;IOGURTE GREGO NESTLE TRADICIONAL 12X400G;0;7043;2021-04-23
1;198;NESTLE NATURAL CENOURA+LARANJA 28X170G;0;7043;2021-04-23
1;199;IOGURTE NESTLE NATURAL 28X170G;0;7043;2021-04-23
1;200;NESTLE IOG NATURAL DESNATADO 28X160G;0;7043;2021-04-23
1;201;IOGURTE NESTLE NATURAL MEL 28X170G;0;7043;2021-04-23
1;204;NESTLE FLAN CARAMELO 20X200G;0;7043;2021-04-23
1;206;NESTLE GREGO IOG LIGHT 3 SAB 6X540G;0;7043;2021-04-23
1;212;NINHO SOLEIL PETIT MRG+BNA&MC 16X320G;384;7043;2021-04-23
1;213;REQUEIJAO CREMOSO NESTLE 15X200G;0;7043;2021-04-23
1;214;REQUEIJAO CREMOSO NESTLE LIGHT 15X200G;0;7043;2021-04-23
1;249;NESTLE GREGO LIGHT MARACUJA 12X360G;0;7043;2021-04-23
1;254;NINHO FRUTI MORANGO 8X250G;0;7043;2021-04-23
1;287;NINHO IOGURTE LIQ MACA E BANANA 24X170G;0;7043;2021-04-23
1;288;NINHO IOGURTE MORANGO 24X170G;0;7043;2021-04-23
1;333;NESTON IOGURTE POLPA 2 SABORES 6X540G;0;7043;2021-04-23
1;448;CHANDELLE CHANTILLY CHOCOLATE 24X200G;0;7043;2021-04-23
1;449;CHANDELLE CHANTILLY CARAMELO 24X200G;0;7043;2021-04-23
1;450;CHANDELLE CHOCOLATE 24X180G;0;7043;2021-04-23
1;451;CHAMBINHO CHOCOLATE 16X320G;0;7043;2021-04-23
1;453;CHANDELLE CHOCOLATE 18X360G;0;7043;2021-04-23
1;759;CHAMYTO LEITE FERMENTADO 21X6X75G;0;7043;2021-04-23
1;1505;NESTLE IOG VIT DE FRUTA 24X170G;0;7043;2021-04-23
1;1506;NESTLE IOG VIT DE FRUTA 12X900G;0;7043;2021-04-23
1;1508;NESTLE GREGO IOG LT MORANGO 12X360G;0;7043;2021-04-23
1;1509;NESTLE IOGURTE MORANGO 24X170G;0;7043;2021-04-23
1;1510;NESTLE IOGURTE MORANGO 12X1,250G;0;7043;2021-04-23
1;1511;NESTLE IOGURTE MORANGO 12X900G;168;7043;2021-04-23
1;1512;NESTLE IOGURTE VIT DE FRUTA 12X1,250G;0;7043;2021-04-23
1;1517;NESTON IOGURTE LIQ MACA E BAN 24X170G;0;7043;2021-04-23
1;1519;NESTLE GREGO IOG TRAD + MRG 6X600G;0;7043;2021-04-23
1;1520;CHAMYTO GO IOG LIQ VITAMINA 24X100G;0;7043;2021-04-23
1;1521;CHAMYTO GO IOG LIQ MORANGO 24X100G;0;7043;2021-04-23
1;1693;NINHO IOGURTE LIQ MACA E BANANA 24X100G;0;7043;2021-04-23
1;1697;CHANDELLE CHOCOLATE 6X720G;0;7043;2021-04-23
1;1940;NESTLE GREGO TORTA MARACUJA 24X90G;0;7043;2021-04-23
1;1698;CHAMYTO LEITE FERM 21X6X120G;0;7043;2021-04-23
1;1735;NESTLE IOGURTE POLPA MORANGO 6X540G;1260;7043;2021-04-23
1;1736;NESTLE IOGURTE POLPA VITAMINA 6X540G;0;7043;2021-04-23
1;1939;NESTLE GREGO FRUTAS VERMELHAS 24X90G;0;7043;2021-04-23
1;450;CHANDELLE CHOCOLATE 24X180G;0;7094;2021-05-07
1;451;CHAMBINHO CHOCOLATE 16X320G;0;7094;2021-05-07
1;453;CHANDELLE CHOCOLATE 18X360G;0;7094;2021-05-07
1;759;CHAMYTO LEITE FERMENTADO 21X6X75G;0;7094;2021-05-07
1;1505;NESTLE IOG VIT DE FRUTA 24X170G;0;7094;2021-05-07
1;1506;NESTLE IOG VIT DE FRUTA 12X900G;168;7094;2021-05-07
1;1508;NESTLE GREGO IOG LT MORANGO 12X360G;0;7094;2021-05-07
1;1509;NESTLE IOGURTE MORANGO 24X170G;0;7094;2021-05-07
1;1510;NESTLE IOGURTE MORANGO 12X1,250G;0;7094;2021-05-07
1;1511;NESTLE IOGURTE MORANGO 12X900G;0;7094;2021-05-07
1;1941;NESTLE GREGO TRADICIONAL 24X90G;0;7043;2021-04-23
1;1958;NESTLE GREGO TORTA MORANGO 24X90G;0;7043;2021-04-23
1;1963;NESTLE GREGO TORTA LIMAO 24X90G;0;7043;2021-04-23
1;2099;MOLICO IOGURTE LIQ MRG 12X850G;0;7043;2021-04-23
1;2100;MOLICO IOGURTE LIQ MRG 24X170G;0;7043;2021-04-23
1;2373;NINHO IOGURTE POLPA 6X720G;0;7043;2021-04-23
1;1512;NESTLE IOGURTE VIT DE FRUTA 12X1,250G;0;7094;2021-05-07
1;1517;NESTON IOGURTE LIQ MACA E BAN 24X170G;0;7094;2021-05-07
1;1519;NESTLE GREGO IOG TRAD + MRG 6X600G;0;7094;2021-05-07
1;1520;CHAMYTO GO IOG LIQ VITAMINA 24X100G;0;7094;2021-05-07
1;1521;CHAMYTO GO IOG LIQ MORANGO 24X100G;0;7094;2021-05-07
1;1693;NINHO IOGURTE LIQ MACA E BANANA 24X100G;0;7094;2021-05-07
1;1697;CHANDELLE CHOCOLATE 6X720G;0;7094;2021-05-07
1;1698;CHAMYTO LEITE FERM 21X6X120G;0;7094;2021-05-07
1;1735;NESTLE IOGURTE POLPA MORANGO 6X540G;0;7094;2021-05-07
1;1736;NESTLE IOGURTE POLPA VITAMINA 6X540G;0;7094;2021-05-07
1;1939;NESTLE GREGO FRUTAS VERMELHAS 24X90G;0;7094;2021-05-07
1;1940;NESTLE GREGO TORTA MARACUJA 24X90G;0;7094;2021-05-07
1;199;IOGURTE NESTLE NATURAL 28X170G;0;7097;2021-05-07
1;200;NESTLE IOG NATURAL DESNATADO 28X160G;0;7097;2021-05-07
1;204;NESTLE FLAN CARAMELO 20X200G;0;7097;2021-05-07
1;206;NESTLE GREGO IOG LIGHT 3 SAB 6X540G;0;7097;2021-05-07
1;212;NINHO SOLEIL PETIT MRG+BNA&MC 16X320G;368;7097;2021-05-07
1;213;REQUEIJAO CREMOSO NESTLE 15X200G;0;7097;2021-05-07
1;214;REQUEIJAO CREMOSO NESTLE LIGHT 15X200G;0;7097;2021-05-07
1;2373;NINHO IOGURTE POLPA 6X720G;0;7094;2021-05-07
1;2455;MOLICO IOGURTE LIQ BAUN 24X170G;0;7094;2021-05-07
1;1941;NESTLE GREGO TRADICIONAL 24X90G;0;7094;2021-05-07
1;1958;NESTLE GREGO TORTA MORANGO 24X90G;0;7094;2021-05-07
1;1963;NESTLE GREGO TORTA LIMAO 24X90G;0;7094;2021-05-07
1;2099;MOLICO IOGURTE LIQ MRG 12X850G;0;7094;2021-05-07
1;287;NINHO IOGURTE LIQ MACA E BANANA 24X170G;0;7097;2021-05-07
1;333;NESTON IOGURTE POLPA 2 SABORES 6X540G;0;7097;2021-05-07
1;451;CHAMBINHO CHOCOLATE 16X320G;0;7097;2021-05-07
1;1505;NESTLE IOG VIT DE FRUTA 24X170G;0;7097;2021-05-07
1;1506;NESTLE IOG VIT DE FRUTA 12X900G;0;7097;2021-05-07
1;333;NESTON IOGURTE POLPA 2 SABORES 6X540G;0;7094;2021-05-07
1;448;CHANDELLE CHANTILLY CHOCOLATE 24X200G;0;7094;2021-05-07
1;198;NESTLE NATURAL CENOURA+LARANJA 28X170G;0;7094;2021-05-07
1;199;IOGURTE NESTLE NATURAL 28X170G;0;7094;2021-05-07
1;200;NESTLE IOG NATURAL DESNATADO 28X160G;0;7094;2021-05-07
1;201;IOGURTE NESTLE NATURAL MEL 28X170G;0;7094;2021-05-07
1;206;NESTLE GREGO IOG LIGHT 3 SAB 6X540G;0;7094;2021-05-07
1;213;REQUEIJAO CREMOSO NESTLE 15X200G;0;7094;2021-05-07
1;254;NINHO FRUTI MORANGO 8X250G;0;7094;2021-05-07
1;287;NINHO IOGURTE LIQ MACA E BANANA 24X170G;0;7094;2021-05-07
1;288;NINHO IOGURTE MORANGO 24X170G;0;7094;2021-05-07
1;1509;NESTLE IOGURTE MORANGO 24X170G;0;7097;2021-05-07
1;1510;NESTLE IOGURTE MORANGO 12X1,250G;0;7097;2021-05-07
1;1511;NESTLE IOGURTE MORANGO 12X900G;0;7097;2021-05-07
1;1512;NESTLE IOGURTE VIT DE FRUTA 12X1,250G;0;7097;2021-05-07
1;1517;NESTON IOGURTE LIQ MACA E BAN 24X170G;0;7097;2021-05-07
1;1520;CHAMYTO GO IOG LIQ VITAMINA 24X100G;0;7097;2021-05-07
1;1521;CHAMYTO GO IOG LIQ MORANGO 24X100G;0;7097;2021-05-07
1;1693;NINHO IOGURTE LIQ MACA E BANANA 24X100G;0;7097;2021-05-07
1;1735;NESTLE IOGURTE POLPA MORANGO 6X540G;0;7097;2021-05-07
1;1736;NESTLE IOGURTE POLPA VITAMINA 6X540G;0;7097;2021-05-07
1;1939;NESTLE GREGO FRUTAS VERMELHAS 24X90G;0;7097;2021-05-07
1;1940;NESTLE GREGO TORTA MARACUJA 24X90G;0;7097;2021-05-07
1;1941;NESTLE GREGO TRADICIONAL 24X90G;0;7097;2021-05-07
1;1958;NESTLE GREGO TORTA MORANGO 24X90G;0;7097;2021-05-07
1;1963;NESTLE GREGO TORTA LIMAO 24X90G;0;7097;2021-05-07
1;2099;MOLICO IOGURTE LIQ MRG 12X850G;0;7097;2021-05-07
1;2373;NINHO IOGURTE POLPA 6X720G;0;7097;2021-05-07
1;2664;MOLICO IOGURTE LIQ BAUN 12X850G;0;7097;2021-05-07
1;1517;NESTON IOGURTE LIQ MACA E BAN 24X170G;0;7137;2021-05-19
1;1519;NESTLE GREGO IOG TRAD + MRG 6X600G;0;7137;2021-05-19
1;1521;CHAMYTO GO IOG LIQ MORANGO 24X100G;0;7137;2021-05-19
1;249;NESTLE GREGO LIGHT MARACUJA 12X360G;144;7209;2021-06-07
1;254;NINHO FRUTI MORANGO 8X250G;320;7209;2021-06-07
1;287;NINHO IOGURTE LIQ MACA E BANANA 24X170G;1440;7209;2021-06-07
1;288;NINHO IOGURTE MORANGO 24X170G;1920;7209;2021-06-07
1;333;NESTON IOGURTE POLPA 2 SABORES 6X540G;2700;7209;2021-06-07
1;448;CHANDELLE CHANTILLY CHOCOLATE 24X200G;240;7209;2021-06-07
1;449;CHANDELLE CHANTILLY CARAMELO 24X200G;240;7209;2021-06-07
1;450;CHANDELLE CHOCOLATE 24X180G;480;7209;2021-06-07
1;451;CHAMBINHO CHOCOLATE 16X320G;768;7209;2021-06-07
1;453;CHANDELLE CHOCOLATE 18X360G;540;7209;2021-06-07
1;759;CHAMYTO LEITE FERMENTADO 21X6X75G;420;7209;2021-06-07
1;1505;NESTLE IOG VIT DE FRUTA 24X170G;1920;7209;2021-06-07
1;1506;NESTLE IOG VIT DE FRUTA 12X900G;504;7209;2021-06-07
1;1508;NESTLE GREGO IOG LT MORANGO 12X360G;144;7209;2021-06-07
1;1509;NESTLE IOGURTE MORANGO 24X170G;2400;7209;2021-06-07
1;1510;NESTLE IOGURTE MORANGO 12X1,250G;1200;7209;2021-06-07
1;1511;NESTLE IOGURTE MORANGO 12X900G;1344;7209;2021-06-07
1;1512;NESTLE IOGURTE VIT DE FRUTA 12X1,250G;480;7209;2021-06-07
1;1517;NESTON IOGURTE LIQ MACA E BAN 24X170G;1920;7209;2021-06-07
1;2099;MOLICO IOGURTE LIQ MRG 12X850G;168;7209;2021-06-07
1;2100;MOLICO IOGURTE LIQ MRG 24X170G;480;7209;2021-06-07
1;2373;NINHO IOGURTE POLPA 6X720G;216;7209;2021-06-07
1;2455;MOLICO IOGURTE LIQ BAUN 24X170G;480;7209;2021-06-07
1;2664;MOLICO IOGURTE LIQ BAUN 12X850G;168;7209;2021-06-07
1;1519;NESTLE GREGO IOG TRAD + MRG 6X600G;180;7209;2021-06-07
1;1521;CHAMYTO GO IOG LIQ MORANGO 24X100G;1656;7209;2021-06-07
1;1693;NINHO IOGURTE LIQ MACA E BANANA 24X100G;1104;7209;2021-06-07
1;1697;CHANDELLE CHOCOLATE 6X720G;180;7209;2021-06-07
1;1698;CHAMYTO LEITE FERM 21X6X120G;210;7209;2021-06-07
1;1735;NESTLE IOGURTE POLPA MORANGO 6X540G;9630;7209;2021-06-07
1;1736;NESTLE IOGURTE POLPA VITAMINA 6X540G;1530;7209;2021-06-07
1;1939;NESTLE GREGO FRUTAS VERMELHAS 24X90G;432;7209;2021-06-07
1;1940;NESTLE GREGO TORTA MARACUJA 24X90G;432;7209;2021-06-07
1;1941;NESTLE GREGO TRADICIONAL 24X90G;432;7209;2021-06-07
1;1958;NESTLE GREGO TORTA MORANGO 24X90G;432;7209;2021-06-07
1;1963;NESTLE GREGO TORTA LIMAO 24X90G;432;7209;2021-06-07
1;2037;NESFIT IOGURTE FRUTAS VERM 12X850G;336;7209;2021-06-07
1;2038;NESFIT IOGURTE MORANGO BAUN 12X850G;336;7209;2021-06-07
1;2039;NESFIT IOGURTE MARACUJA AVEIA 12X850G;168;7209;2021-06-07
1;2040;NESFIT IOGURTE FRUTAS VERMELHAS 24X170G;480;7209;2021-06-07
1;2041;NESFIT IOGURTE MARACUJA AVEIA 24X170G;480;7209;2021-06-07
1;2042;NESFIT IOGURTE MORANGO BAUN 24X170G;480;7209;2021-06-07
1;167;CHAMYTO IOGURTE MOR+CER CHOC 24X130G;1680;7209;2021-06-07
1;168;CHAMYTO BEB LACTEA MOR+CER CRML 24X130G;1920;7209;2021-06-07
1;174;NESTON IOGURTE LIQ MACA BNA 12X850G;840;7209;2021-06-07
1;176;NINHO IOGURTE LIQ MACA E BANANA 12X850G;840;7209;2021-06-07
1;180;NINHO IOGURTE POLPA 6X540G;5400;7209;2021-06-07
1;182;CHAMBINHO PETIT MRG 12X480G;288;7209;2021-06-07
1;183;CHAMBINHO PETIT MOR 16X320G;2688;7209;2021-06-07
1;192;NESTLE BICAM IOGURTE MORANGO 28X150G;2240;7209;2021-06-07
1;194;NESTLE GREGO IOG FRUTAS VERM 12X400G;276;7209;2021-06-07
1;198;NESTLE NATURAL CENOURA+LARANJA 28X170G;1120;7209;2021-06-07
1;199;IOGURTE NESTLE NATURAL 28X170G;1120;7209;2021-06-07
1;200;NESTLE IOG NATURAL DESNATADO 28X160G;840;7209;2021-06-07
1;201;IOGURTE NESTLE NATURAL MEL 28X170G;840;7209;2021-06-07
1;204;NESTLE FLAN CARAMELO 20X200G;200;7209;2021-06-07
1;206;NESTLE GREGO IOG LIGHT 3 SAB 6X540G;180;7209;2021-06-07
1;212;NINHO SOLEIL PETIT MRG+BNA&MC 16X320G;384;7209;2021-06-07
1;213;REQUEIJAO CREMOSO NESTLE 15X200G;1560;7209;2021-06-07
1;214;REQUEIJAO CREMOSO NESTLE LIGHT 15X200G;585;7209;2021-06-07
